ID,Layer,Question,Domain,Data Element,FHIR Resource,FHIR Path,Terminology Binding,Binding Strength,Bundle,Code Provenance,Value Provenance,Notes,IG Implementation
Q1.a,Consensus,Q1,Patient History,Age,Patient,Patient.birthDate,—,—,Registration,—,Numeric,Standard FHIR — derive from birthDate (see L3.A.3 for the canonical-fact rationale).,ShoulderPatient.birthDate 1..1 MS
Q1.b,Consensus,Q1,Patient History,Gender,Patient,Patient.gender,http://hl7.org/fhir/ValueSet/administrative-gender,required,Registration,—,Reused,FHIR administrative gender (4 codes: male / female / other / unknown); not biological sex — sex assigned at birth is carried separately by the HL7 Gender Harmony RSG extension at L3.A.6. See ADR-0053.,ShoulderPatient.gender 1..1 MS
Q1.c,Consensus,Q1,Patient History,Comorbidities,Condition,Condition.code,http://hl7.org/fhir/uv/ips/ValueSet/problems-snomed-absent-unknown-uv-ips,extensible,Registration,Reused,—,"SNOMED CT problem-list coding aligned with IPS via ProblemsSnomedAbsentUnknownUvIps (IPS 1.1.0; composes SNOMED ECL < 404684003 |Clinical finding| + < 243796009 |Situation| + < 272379006 |Event|, excluding < 71388002 |Procedure|). Binding strength tightened from IPS's preferred to extensible — where a SNOMED concept exists, clinicians MUST use it; ICD-10-GM and other codings remain permitted as additional Condition.code.coding[] siblings (dual-coding pattern), mirroring SenologieOnFHIR without locking it into the slice structure. Distinct from RotatorCuffCondition (encounter-diagnosis category, Condition.code fixed to the single tear inclusion diagnosis) and from ShoulderDiagnosisCondition (a coexisting non-rotator-cuff shoulder finding, ADR-0077) — shoulder-region disorders are out of scope for this profile; enforced client-side by excluding SNOMED descendants of 118944007 |Disorder of shoulder region| from the comorbidity typeahead (ADR-0084). ShoulderComorbidityCondition parents from HL7 Europe Core `condition-eu-core` (which preferred-binds to IPS `problems-uv-ips`); the extensible binding to `problems-snomed-absent-unknown-uv-ips` sits on top. See ADR-0055, ADR-0058. Comorbidity instances additionally claim IPS `Condition-uv-ips` conformance via `meta.profile[]` — the patient-reference chain holds via ADR-0057's ShoulderPatient → patient-eu-core + PatientUvIps multi-profile. Both frontends carry the SNOMED typeahead; the SDC frontend realises it through an `#open-choice` item type plus the `SnomedTypeahead`/`useSnomedTypeahead` capability (same exclusion set) and the none-known/no-information flags (ADR-0137).","ShoulderComorbidityCondition profile (Parent: condition-eu-core); code extensible-bound to http://hl7.org/fhir/uv/ips/ValueSet/problems-snomed-absent-unknown-uv-ips; category fixed to problem-list-item. Comorbidity instances declare meta.profile=[shoulder-comorbidity-condition, Condition-uv-ips]. RotatorCuffRegistrationBundle.entry[comorbidity] 0..*. SnomedTypeahead component in StepPatient (debounced $expand via tx.fhir.org delegation, ADR-0050) and in SDC's QuestionnaireForm.tsx via a new open-choice render branch (ADR-0137), both client-side-excluding shoulder-region disorders (ADR-0084)."
Q1.d,Consensus,Q1,Patient History,Smoking,Observation,Observation.code | Observation.valueCodeableConcept,http://loinc.org#72166-2 | http://hl7.org/fhir/uv/ips/ValueSet/current-smoking-status-uv-ips,extensible,Registration,Reused,Reused,"Observation.code fixed to LOINC 72166-2 (Tobacco smoking status), matching IPS Observation-tobaccouse-uv-ips. valueCodeableConcept extensible-bound to IPS 1.1.0 CurrentSmokingStatusUvIps, which IPS publishes as 8 LOINC answer-list codes (LA18976-3 Current every day smoker, LA18977-1 Current some day smoker, LA15920-4 Former smoker, LA18978-9 Never smoker, LA18979-7 Smoker current status unknown, LA18980-5 Unknown if ever smoked, LA18981-3 Heavy tobacco smoker, LA18982-1 Light tobacco smoker). Binding strength tightened from IPS's preferred to extensible for the same single-jurisdiction registry-comparability reason as Q1.c (ADR-0055 §'Why extensible, not preferred'). IPS ships a loinc-smoking-status-to-snomed-ct-uv-ips ConceptMap for exporters that need SNOMED downstream; inline dual-coding is not required by the profile. Cumulative pack-years is carried as a sibling Observation (SmokingPackYearsObservation, SNOMED 782516008 — no LOINC concept exists for cumulative pack-years, verified July 2026); only meaningful for current/former smokers. See ADR-0056, ADR-0105.","SmokingStatusObservation profile (Parent: ShoulderObservation; code = LOINC#72166-2); valueCodeableConcept extensible-bound to http://hl7.org/fhir/uv/ips/ValueSet/current-smoking-status-uv-ips. IPS package loaded into HAPI by seed/load-ips-package.sh (canary VS/current-smoking-status-uv-ips). Frontend dropdown renders LOINC LA codes via HAPI $expand of the IPS canonical. Smoking observation instances additionally claim IPS Observation-tobaccouse-uv-ips conformance via meta.profile[]; the patient-reference chain holds because ShoulderPatient claims PatientUvIps (ADR-0057, ADR-0060). SmokingPackYearsObservation sibling profile (code = SNOMED#782516008; valueQuantity, UCUM {pack-years})."
Q1.e,Consensus,Q1,Patient History,Traumatic etiology,Condition,Condition.extension[condition-dueTo].valueCodeableConcept,RotatorCuffEtiology,required,Registration,—,Reused + Local,"Etiology is post-coordinated via the FHIR R4 standard condition-dueTo extension (CodeableConcept), independent of the anatomic SNOMED code in Condition.code. Required binding to RotatorCuffEtiology forces explicit classification (traumatic / degenerative / mixed / unknown); clinicians select Unknown (origin) if causation is not determinable. Replaces prior code-choice-only mechanism — onset[x] does NOT encode etiology (degenerative tears can have precise onset dates too). See ADR-0047.","RotatorCuffCondition.extension[dueTo].valueCodeableConcept 1..1 MS, required-bound to RotatorCuffEtiology = { SCT#773760007 Traumatic event, SCT#362975008 Degenerative disorder, ShoulderEtiology#mixed Mixed (acute-on-chronic) etiology, SCT#54690008 Unknown (origin) }"
Q1.f,Consensus,Q1,Patient History,Prior treatment (PT/injections),Procedure,Procedure.code | Procedure.category,RotatorCuffProcedureType | PriorTreatmentCategory,extensible | required,Registration,Reused,—,"expert consensus A1(f) bundles 'physical therapy/injections' as one consensus item; the IG realises it via two SNOMED-coded RotatorCuffProcedure resources placed in RotatorCuffRegistrationBundle.entry[priorTreatment] with category-bound PriorTreatmentCategory. Each prior-treatment Procedure already carries reasonReference to the index RotatorCuffCondition, structurally linking it to the current disease (not an unrelated condition). Prior-treatment volume is carried as bucketed sibling Observations: PriorPhysicalTherapySessionCountObservation (≤10 / 11-20 / >20 sessions) and PriorInjectionCountObservation (1-3 / >3 injections) — no SNOMED/LOINC concept exists for either axis (verified July 2026). See ADR-0105.","RotatorCuffProcedure (SNOMED 91251008 PT; 27813003 / 290035003 injection); RotatorCuffProcedureType carries both. PriorPhysicalTherapySessionCountObservation / PriorInjectionCountObservation sibling profiles (local codes, valueCodeableConcept required-bound)."
Q1.h,Consensus,Q1,Patient History,Pain (history),Observation,Observation.code,local:ShoulderObservationCodes#pain-average/#pain-active-movement/#pain-passive-movement/#pain-rest,required,Registration,Local,Numeric,Interpretation: the expert consensus names only 'Pain'; the IG decomposes this into 4 context-specific 0–10 measurements (on average / with active movement / with passive movement / at rest); generic LOINC 72514-3 carries no context qualifier and is not used. No precoordinated LOINC/SNOMED concept distinguishes pain context (verified July 2026). 4 profiles shared symmetrically with Q8.a and Q12.a; differentiated by effectiveDateTime,PainAverageObservation + PainActiveMovementObservation + PainPassiveMovementObservation + PainRestObservation profiles; valueQuantity 0–10 each
Q1.i,Consensus,Q1,Patient History,Sleep disturbance,Observation,Observation.code | Observation.valueCodeableConcept,local:ShoulderObservationCodes#sleep-disturbance | local:SleepDisturbanceSeverity,required,Registration,Local,Local,"Interpretation: the expert consensus names only 'Sleep disturbance' with no mechanism specified. The IG realises it as a 3-tier ordinal (unaffected / occasionally disturbed / nightly disturbed) matching the Constant-Murley score's own ADL sleep sub-item (expert consensus Q12's preferred outcome instrument), and structurally linked to the index Condition via evidence.detail so the shoulder-attribution is a queryable FHIR relationship, not only implied by question wording. No SNOMED CT or LOINC concept exists for this axis (verified July 2026). See ADR-0081.",SleepDisturbanceObservation profile (code = ShoulderObservationCodes#sleep-disturbance); valueCodeableConcept required-bound to SleepDisturbanceSeverity; wired into RotatorCuffCondition.evidence.detail via RegistrationWizard's EVIDENCE_PROFILE_KEYS (same mechanism as the provocation tests).
Q1.j,Consensus,Q1,Patient History,Sports,Observation,Observation.code | Observation.valueCodeableConcept,local:ShoulderObservationCodes#sports-participation | SportsParticipationLevel,required,Registration,Local,Local,"Interpretation: the expert consensus names only 'Sports' — could mean binary participation (yes/no) or level/type. The IG decomposes as a 4-tier participation-level ordinal (none / recreational / competitive / professional) via valueCodeableConcept, strictly more informative than the yes/no reading and coarsely comparable to DART's DEM-08 (Tegner-mappable). No SNOMED CT or LOINC ordinal value codes exist for this axis (verified July 2026). An IG decomposition choice; not consensus wording.",SportsParticipationObservation profile (code = ShoulderObservationCodes#sports-participation); valueCodeableConcept bound required to SportsParticipationLevel
Q1.k,Consensus,Q1,Patient History,Occupation,Observation (x3),Observation.code | Observation.valueCodeableConcept,http://loinc.org#67875-5 | local:EmploymentStatus | local:OccupationalPhysicalDemand | local:OccupationalOverheadExposure,required,Registration,Reused + Local,Reused + Local,"Interpretation: the expert consensus names only 'Occupation' with no mechanism specified — the IG realises it as three coded axes rather than a free-text job title, which carries little analytical value: employment status (LOINC 67875-5, official answer list LL1901-9 plus one local 'self-employed' addition that list is missing, verified July 2026), occupational physical-demand intensity (fully local — sedentary/light-manual/heavy-manual; no SNOMED/LOINC concept exists, verified July 2026), and occupational overhead-work exposure (fully local yes/no/unknown; no SNOMED/LOINC concept exists, verified July 2026). Overhead exposure is an axis independent of physical-demand intensity, so an occupation that is simultaneously heavy AND overhead (e.g. a roofer) is not forced into an either/or choice. Physical demand/overhead exposure are novel axes not captured by any comparable registry (DART/EPRD/IRD/SEPR), directly motivated by overhead/repetitive shoulder loading being a well-established rotator-cuff risk and return-to-work factor. See ADR-0082, ADR-0105.","EmploymentStatusObservation profile (code = LOINC#67875-5; valueCodeableConcept required-bound to hybrid EmploymentStatus ValueSet) + OccupationalPhysicalDemandObservation profile (code = ShoulderObservationCodes#occupational-physical-demand; valueCodeableConcept required-bound to local OccupationalPhysicalDemand ValueSet, 3 intensity tiers) + OccupationalOverheadExposureObservation profile (code = ShoulderObservationCodes#occupational-overhead-exposure; valueCodeableConcept required-bound to local OccupationalOverheadExposure ValueSet)."
Q1.l,Consensus,Q1,Patient History,Workmen's compensation,Coverage,Coverage.type,http://hl7.org/fhir/ValueSet/coverage-type,extensible,Registration,—,Reused,"expert consensus Q1.l ""workmen's compensation"" is one of 13 patient-history factors in the Q1 unanimous-consensus list; the expert consensus names it as a single yes/no clinical flag with no further decomposition. The IG realises a ""yes"" answer as a ShoulderCoverage with Coverage.type = v3-ActCode#WCBPOL (worker's compensation, German Berufsgenossenschaft); ""no""/""unknown"" answers emit no Coverage resource. The clinical/medicolegal rationale is well-established: WC status implies a work-related injury (Arbeitsunfall), triggers a different documentation pathway (Durchgangsarzt-Verfahren), and is a known outcome confounder in shoulder literature. Broader payer categorisation (GKV/PKV/Selbstzahler) is intentionally out of scope — not named by the expert consensus, and the v3-ActCode coverage of German payer types is partial anyway (no exact PKV code; HL7 DE Basisprofil deferred). See ADR-0061.","ShoulderCoverage profile (Parent: Coverage; type 1..1 extensible-bound to coverage-type, fixed in practice to v3-ActCode#WCBPOL by the form). StepPatient.tsx 'Workers' Compensation' yes/no/unknown field emits Coverage entry into RotatorCuffRegistrationBundle.entry[coverage] 0..1 only when 'yes'. Seed bundle Patient-1 (Schmidt, carpenter) demonstrates WCBPOL (BG BAU). SDC frontend: a loose-leaf 'Workers' Compensation / Berufsgenossenschaft' Yes/No/Unknown item in the patientHistory group (no item.definition — gates Coverage emission rather than filling a single element) emits the same Coverage entry, 'Yes' only. See ADR-0131."
Q1.m,Consensus,Q1,Patient History,Hand dominance,Observation,Observation.code | Observation.valueCodeableConcept,SNOMED CT 57427004 | HandDominance,required,Registration,Reused,Reused,"Captured via HandDominanceObservation profile (derived ShoulderObservation child) per ADR-0026; code fixed to SNOMED CT observable entity 57427004 ""Handedness"" (ADR-0115). Value bound to SNOMED CT codes 46669005 / 87683000 / 23088002. No LOINC code exists for handedness.",HandDominanceObservation.code fixed to http://snomed.info/sct#57427004; HandDominance implemented
Q1.n,Consensus,Q1,Patient History,Functional limitations,Observation,Observation.code | Observation.valueCodeableConcept,local:ShoulderObservationCodes#functional-limitation-severity | local:FunctionalLimitationSeverity,required,Registration,Local,Local,"Interpretation: the expert consensus names only 'Functional limitations' with no mechanism specified. The IG realises it as a 5-tier functional-ceiling ordinal (no limitation / overhead-limited / at-shoulder-level-limited / below-shoulder-limited / unable to use the arm), each tier a strict functional subset of the one above and matching how patients are already triaged clinically. A coded ordinal is analyzable across the registry where free text is not — the same reasoning that governs Q1.i sleep disturbance (ADR-0081) and Q1.j sports participation (ADR-0083). Deliberately distinct from the Constant-Murley score's own ADL sub-component (Q12's preferred instrument, component[ADL] 0-20 points, captured at follow-up) — this is a one-item baseline gestalt, not a duplicate instrument. Shared with Q12.c. No SNOMED CT or LOINC concept exists for this axis (verified July 2026). See ADR-0105.",FunctionalLimitationsObservation profile (code = ShoulderObservationCodes#functional-limitation-severity); valueCodeableConcept required-bound to FunctionalLimitationSeverity (5-tier local ordinal).
Q2.a,Consensus,Q2,Physical Examination (Pre-treatment),Inspection,Observation,Observation.code | Observation.valueCodeableConcept,local:ShoulderObservationCodes#atrophy + SNOMED CT 111263009 + local:ShoulderObservationCodes#normal-shoulder-contour | PresentAbsent (SNOMED),required,Registration,Reused + Local,Reused,"Interpretation: the expert consensus names only 'Inspection' with no mechanism. A free-text valueString is not analyzable across the registry, so the IG decomposes it into 3 structured present/absent findings (Atrophy/Deformity/Normal Shoulder Contour). Deformity carries a laterality-neutral SNOMED CT disorder/finding concept. Atrophy stays on a local code: SNOMED CT 1119438000 is a real, current concept but does not resolve against tx.fhir.org's served SNOMED CT International Edition snapshot, which breaks both submission-time client validation and tools/validate.sh; it is a candidate for migration once that served edition carries the concept. Normal Shoulder Contour has no equivalent concept and stays local. See ADR-0086, ADR-0115, ADR-0116. Value bound to standard SNOMED present/absent qualifiers (52101004/2667000).",AtrophyObservation.code local ShoulderObservationCodes#atrophy (ADR-0116); DeformityObservation.code fixed to SNOMED#111263009; NormalShoulderContourObservation stays local; each valueCodeableConcept bound required to PresentAbsent
Q2.b,Consensus,Q2,Physical Examination (Pre-treatment),Active ROM,Observation,Observation.code | Observation.valueQuantity | Observation.valueCodeableConcept,http://loinc.org#41389-8 | http://loinc.org#41381-5 | http://loinc.org#41387-2 | local:ShoulderObservationCodes#internal-rotation (InternalRotationVertebralLevel) | local:ShoulderObservationCodes#external-rotation-90-abduction | local:ShoulderObservationCodes#internal-rotation-90-abduction,required,Registration,Reused + Local,Numeric + Local,"Six measurement axes, not four. Flexion/Abduction/at-side-ER stay LOINC valueQuantity degrees (41389-8/41381-5/41387-2). At-side Internal Rotation is a local valueCodeableConcept 8-tier vertebral-level ordinal (""hand behind back"") rather than a degree measurement — goniometric IR degrees are clinically unreliable at this position (scapulothoracic substitution); the ordinal reuses most of Constant-Murley's own IR landmarks and adds finer rungs, so deriving the Constant ROM sub-score applies a documented lossy remapping. Two local degree axes — ER and IR measured at 90° abduction, an out-of-consensus enrichment — assess capsular tightness/GIRD and rotator-cuff competence that at-side measurement alone cannot quantify. All six rotation axes, active and passive, carry a 0–360° bound: permissive for data entry, not a claim that 360° is physiologically achievable. Flexion and Abduction stay bounded at 180°. Shared with Q12.d (ROM component). See ADR-0045, ADR-0088.","LOINC 41389-8/41381-5/41387-2 on ShoulderFlexionObservation/ShoulderAbductionObservation/ShoulderExternalRotationObservation (valueQuantity deg, max 360 on ER); local #internal-rotation on ShoulderInternalRotationObservation (valueCodeableConcept, InternalRotationVertebralLevel required); local #external-rotation-90-abduction / #internal-rotation-90-abduction on new ShoulderExternalRotation90AbductionObservation / ShoulderInternalRotation90AbductionObservation (valueQuantity deg, max 360)"
Q2.c,Consensus,Q2,Physical Examination (Pre-treatment),Passive ROM,Observation,Observation.code | Observation.valueQuantity | Observation.valueCodeableConcept,http://loinc.org#41390-6 | http://loinc.org#41382-3 | http://loinc.org#41388-0 | local:ShoulderObservationCodes#passive-internal-rotation (InternalRotationVertebralLevel) | local:ShoulderObservationCodes#passive-external-rotation-90-abduction | local:ShoulderObservationCodes#passive-internal-rotation-90-abduction,required,Registration,Reused + Local,Numeric + Local,"Six measurement axes, not four — the passive counterpart of Q2.b, separated from active by a distinct code throughout. See ADR-0045, ADR-0088.","LOINC 41390-6/41382-3/41388-0 on ShoulderPassiveFlexionObservation/ShoulderPassiveAbductionObservation/ShoulderPassiveExternalRotationObservation (valueQuantity deg, max 360 on ER); local #passive-internal-rotation on ShoulderPassiveInternalRotationObservation (valueCodeableConcept, InternalRotationVertebralLevel required); local #passive-external-rotation-90-abduction / #passive-internal-rotation-90-abduction on new ShoulderPassiveExternalRotation90AbductionObservation / ShoulderPassiveInternalRotation90AbductionObservation (valueQuantity deg, max 360)"
Q2.d,Consensus,Q2,Physical Examination (Pre-treatment),Strength (rotator cuff muscles),Observation,Observation.code,local:ShoulderObservationCodes#supraspinatus-strength | local:ShoulderObservationCodes#external-rotation-strength | local:ShoulderObservationCodes#subscapularis-strength | local:ShoulderObservationCodes#internal-rotation-strength | local:ShoulderObservationCodes#supraspinatus-strength-dynamometry,required,Registration,Local,Numeric,"Five measurement axes, not three. Manual muscle testing (0-5 ordinal, Janda grading — equivalent to MRC/Daniels-Worthingham) covers supraspinatus (Jobe position) / external-rotation composite (infraspinatus + teres minor) / subscapularis (lift-off or belly-press isolation) / internal-rotation composite (the mirror position of external-rotation, distinct from subscapularis isolation testing; ADR-0089). Supraspinatus additionally carries a continuous dynamometry kg axis (ADR-0089), because ordinal grading is insensitive to partial supraspinatus weakness at grades 4–5 — dual encoding alongside the ordinal grade, mirroring the Q4.a tear-size cm/Cofield pattern. No shoulder-specific MMT LOINC; no SNOMED/LOINC concept for a 'Janda' grading eponym or for shoulder dynamometry (verified July 2026). Shared with Q12.b (strength component). The supraspinatus ordinal + dynamometry pair is surfaced to clinicians as 'Abduction Strength', the Jobe/empty-can test position being a scapular-plane abduction — a display label only; profile and code identifiers are unaffected. See ADR-0107.","#supraspinatus-strength / #external-rotation-strength / #subscapularis-strength / #internal-rotation-strength in ShoulderObservationCodes (valueQuantity MMT 0-5 each); #supraspinatus-strength-dynamometry (valueQuantity kg, max 50). Frontend labels: 'Abduction Strength (Janda)' / 'Abduction Strength (Dynamometry)' for the supraspinatus pair."
Q2.e,Consensus,Q2,Physical Examination (Pre-treatment),Jobe test (Empty Can),Observation,Observation.code | Observation.valueCodeableConcept,SNOMED CT 1231437004 | PositiveNegative,required,Registration,Reused,Reused,"SNOMED CT procedure concept 1231437004 ""Empty can test"" (synonym ""Jobe test"") verified via terminology server lookup. See ADR-0115.",JobeTestObservation.code fixed to http://snomed.info/sct#1231437004; valueCodeableConcept positive/negative
Q2.f,Consensus,Q2,Physical Examination (Pre-treatment),Lift-off test,Observation,Observation.code | Observation.valueCodeableConcept,SNOMED CT 1231510004 | PositiveNegative,required,Registration,Reused,Reused,"SNOMED CT procedure concept 1231510004 ""Lift-off test"" (synonym ""Gerber test"") verified via terminology server lookup. See ADR-0115.",LiftOffTestObservation.code fixed to http://snomed.info/sct#1231510004; valueCodeableConcept positive/negative
Q2.g,Consensus,Q2,Physical Examination (Pre-treatment),Belly press test,Observation,Observation.code | Observation.valueCodeableConcept,local:ShoulderObservationCodes#belly-press-test | PositiveNegative,required,Registration,Local,Reused,"Local code retained: no belly-press test concept exists in SNOMED CT (verified via the FHIR terminology server, Aug 2026 — zero matches across all domains, though sibling shoulder tests Jobe/lift-off/O'Brien/Yocum are published). SNOMED migration deferred to future work pending publication of a suitable concept.",#belly-press-test in ShoulderObservationCodes; valueCodeableConcept positive/negative
Q2.h,Consensus,Q2,Physical Examination (Pre-treatment),Bear hug test,Observation,Observation.code | Observation.valueCodeableConcept,local:ShoulderObservationCodes#bear-hug-test | PositiveNegative,required,Registration,Local,Reused,"Local code retained: no bear-hug test concept exists in SNOMED CT (verified via the FHIR terminology server, Aug 2026 — zero matches across all domains). SNOMED migration deferred to future work pending publication of a suitable concept.",#bear-hug-test in ShoulderObservationCodes; valueCodeableConcept positive/negative
Q2.i,Consensus,Q2,Physical Examination (Pre-treatment),Hornblower test,Observation,Observation.code | Observation.valueCodeableConcept,local:ShoulderObservationCodes#hornblower-test | PositiveNegative,required,Registration,Local,Reused,"Local code retained: SNOMED CT carries only the finding ""Hornblower sign"" (1231519003), not a Hornblower-test procedure; kept local so all three subscapularis/teres-minor provocation tests share one positive/negative value pattern (a ""sign"" finding cannot take a ""negative"" value). Verified Aug 2026; SNOMED migration deferred to future work pending a test-procedure concept.",#hornblower-test in ShoulderObservationCodes; valueCodeableConcept positive/negative
Q3,Consensus,Q3,Imaging — Radiographs,Radiographs in all patients with suspected RC tear,ImagingStudy,ImagingStudy.modality | ImagingStudy.encounter,http://dicom.nema.org/resources/ontology/DCM,extensible,Registration,Reused,—,"A3 is a single consensus statement — a radiograph should be obtained in all patients. The registry-capturable fact is that a radiograph was obtained, recorded as a ShoulderImagingStudy with DICOM DX (""Digital Radiography"") modality; the consensus names no radiology report object, so none is produced. The Q6 imaging-modality slot is a multi-select (one ImagingStudy per modality) so a radiograph and an advanced study can both be recorded for the same patient. Both frontends build it. No radiology report (DiagnosticReport) object is produced (ADR-0172); multi-select mechanism per ADR-0155.","ShoulderImagingStudy (DICOM DX modality, ImagingModality ValueSet, repeats — one study per modality)"
Q4.a,Consensus,Q4,Tear Classification,Size,Observation,Observation.code | Observation.valueQuantity | Observation.valueCodeableConcept | Condition.stage.assessment,local:ShoulderObservationCodes#tear-size | local:ShoulderObservationCodes#tear-size-classification | CofieldTearSizeClassification,required,"Registration,Surgery",Local,Numeric + Local,"the expert consensus says only 'Size' — IG decomposes into (i) continuous linear cm and (ii) categorical Cofield bucket per ADR-0047; both encoded as sibling Observations on the same Encounter; further split by acquisition context into imaging-derived (pre-op MRI/ultrasound) and intra-operative (direct surgical measurement) sibling profiles per ADR-0104 — both are routinely recorded for the same patient by different means at different times, and disagreement between them is clinically expected and meaningful. No LOINC exists for maximum tear diameter and no SNOMED CT concepts for the Cofield buckets (verified May 2026). The Cofield bucket links to the diagnosis via Condition.stage.assessment as a formal grading (ADR-0073); the raw cm measurement links to neither Condition bucket, reachable via the encounter chain.","#tear-size + #tear-size-classification in ShoulderObservationCodes; tear-size-observation/tear-size-classification-observation (imaging context, category=imaging, Registration bundle) and intraop-tear-size-observation/intraop-tear-size-classification-observation (surgical context, category=exam, Surgery bundle) — same Observation.code per pair, differing only in fixed category (ADR-0104)"
Q4.b,Consensus,Q4,Tear Classification,Tendons involved,Observation,Condition.evidence.detail → TendonsInvolvedObservation.valueCodeableConcept,TendonsInvolved,extensible,Registration,Local,Reused,Structured SNOMED tendon codes carried by TendonsInvolvedObservation linked from the index Condition via evidence.detail. One Observation per affected tendon (natural multi-tendon support including teres minor). Pattern mirrors Patte/Goutallier/Cofield-bucket. See ADR-0064.,TendonsInvolvedObservation.valueCodeableConcept from TendonsInvolved (extensible) — SNOMED tendon codes: 5580002 supraspinatus / 59713001 infraspinatus / 80108009 subscapularis / 700027005 teres minor (ADR-0043)
Q4.c,Consensus,Q4,Tear Classification,Partial vs full thickness,Observation,Observation.code | Observation.valueCodeableConcept,local:ShoulderObservationCodes#tear-thickness | TearThickness,required,Registration,Local,Reused,"Carried on its own TearThicknessObservation rather than on Condition.code, linked to the index RotatorCuffCondition via Condition.evidence.detail — mirrors the same 'one axis, one element' principle already applied to tendon involvement (Q4.b, ADR-0064) and etiology (Q1.e, ADR-0046). Keeping it off Condition.code prevents disease-entity choice from being entangled with thickness. TearThickness ValueSet reuses the same two precoordinated SNOMED disorder-level concepts as Observation values. See ADR-0105.",TearThicknessObservation profile (code = ShoulderObservationCodes#tear-thickness); valueCodeableConcept required-bound to TearThickness (SNOMED 202843000 full-thickness / 202842005 partial-thickness).
Q4.d,Consensus,Q4,Tear Classification,Patte classification (retraction),Observation,Observation.code | Observation.valueCodeableConcept | Condition.stage.assessment,local:ShoulderObservationCodes#patte-classification | PatteClassification,required,Registration,Local,Local,Local CodeSystem — no international standard code exists. Linked to the diagnosis via Condition.stage.assessment as a formal grading (ADR-0073).,PatteClassificationCodes Stage I/II/III; #patte-classification in ShoulderObservationCodes; linked via RotatorCuffCondition.stage.assessment
Q4.e,Consensus,Q4,Tear Classification,Goutallier grade (fatty infiltration),Observation,Observation.code | Observation.valueCodeableConcept | Condition.stage.assessment,local:ShoulderObservationCodes#goutallier-classification | GoutallierClassification,required,Registration,Local,Local,Local CodeSystem — no international standard code exists. Linked to the diagnosis via Condition.stage.assessment as a formal grading (ADR-0073).,GoutallierClassificationCodes Grade 0–4; #goutallier-classification in ShoulderObservationCodes; linked via RotatorCuffCondition.stage.assessment
Q5,Consensus,Q5,Imaging — MRI/CT (advanced),Advanced imaging (MRI or CT) when planning/considering surgery,ImagingStudy | Observation,ImagingStudy.modality | Condition.stage.assessment | Condition.evidence.detail,http://dicom.nema.org/resources/ontology/DCM,extensible,Registration,Reused,—,"A5 is a clinical-timing/indication guideline (""when"" to image), not a ""capture this field"" instruction (verified against Hurley et al. 2024; ADR-0130). Its substance is captured two ways at the same registration encounter: the advanced-modality ShoulderImagingStudy (MR/CT) that was obtained, and the imaging-derived classification Observations — gradings (Patte/Goutallier/Cofield tear-size) linked via Condition.stage.assessment, diagnostic evidence (tendons-involved, tear location, tear thickness) via Condition.evidence.detail (ADR-0073) — a participant cannot have those without advanced imaging having occurred. No imaging order (ServiceRequest) or radiology report (DiagnosticReport) object is required or produced (ADR-0172)","ShoulderImagingStudy.modality (MR/CT) + classification Observations: gradings via Condition.stage.assessment, evidence via Condition.evidence.detail (ADR-0073/ADR-0064 et al.)"
Q6,Consensus,Q6,Imaging — MRI vs CT choice,MRI default; CT preferable when planning arthroplasty,ImagingStudy,ImagingStudy.modality | ImagingStudy.encounter,http://dicom.nema.org/resources/ontology/DCM,extensible,Registration,Reused,—,"A6 is a modality-choice guideline; the concrete registry-capturable fact is simply which modality was used. Both frontends build a lean ShoulderImagingStudy (status+subject+encounter+modality+started, one per modality); modality is bound to a shoulder-scoped ImagingModality ValueSet (MR/CT/US, plus DX for Q3). No imaging order or radiology report object is involved (ADR-0130, ADR-0172). encounter is 0..1 MS rather than the 1..1 that Observations and Procedures carry (ADR-0184): a study a patient brings in from outside predates any registry visit and has no ShoulderEncounter to reference, while a study either flow produces does carry the anchor. See ADR-0187.",ShoulderImagingStudy.modality from ImagingModality (DICOM MR/CT/US); ShoulderImagingStudy.encounter 0..1 MS only Reference(ShoulderEncounter)
Q8.a,Consensus,Q8,Treatment Success Criteria,Improved pain,Observation,Observation.code,local:ShoulderObservationCodes#pain-average/#pain-active-movement/#pain-passive-movement/#pain-rest,required,"Registration,FollowUp",Local,Numeric,Treatment-success component (a); reuses the 4 pain profiles (see ADR-0087). Pre/post differentiated by effectiveDateTime,4 pain profiles; shared with Q1.h and Q12.a
Q8.b,Consensus,Q8,Treatment Success Criteria,Improved range of motion,Observation,Observation.code,http://loinc.org#41389-8 | http://loinc.org#41381-5 | http://loinc.org#41387-2 | local:ShoulderObservationCodes#internal-rotation,required,"Registration,FollowUp",Reused + Local,Numeric + Local,Component (b); reuses Q2.b/Q9.b ROM observations; pre/post via effectiveDateTime,Same LOINC active-ROM codes as Q2.b on Shoulder{Flexion / Abduction / ExternalRotation / InternalRotation}Observation
Q8.c,Consensus,Q8,Treatment Success Criteria,Improved strength,Observation,Observation.code,local:ShoulderObservationCodes#supraspinatus-strength | local:ShoulderObservationCodes#supraspinatus-strength-dynamometry | local:ShoulderObservationCodes#external-rotation-strength | local:ShoulderObservationCodes#internal-rotation-strength | local:ShoulderObservationCodes#subscapularis-strength,required,"Registration,FollowUp",Local,Numeric,Component (c); reuses Q2.d/Q9.d strength observations; pre/post via effectiveDateTime,Strength codes in ShoulderObservationCodes
Q8.d,Consensus,Q8,Treatment Success Criteria,Improved quality of life,QuestionnaireResponse,QuestionnaireResponse,—,—,"Registration,FollowUp",—,—,Component (d); requires a designated QoL instrument. EQ-5D is not named by the expert consensus A12 but would satisfy A8(d); no QoL Questionnaire defined in IG today,RotatorCuffQuestionnaireResponse profile available; specific QoL instrument (EQ-5D / PROMIS) not yet defined as a Questionnaire resource
Q8.e,Consensus,Q8,Treatment Success Criteria,Patient satisfaction with treatment,Observation,Observation.code | Observation.valueCodeableConcept,http://loinc.org#77218-6 | SatisfactionScale (LOINC LL4543-6 LA codes),required,FollowUp,Reused,Reused,Component (e); Observation.code fixed to LOINC 77218-6 (Patient satisfaction with healthcare delivery) per ADR-0070. ValueSet SatisfactionScale draws on LOINC LL4543-6 (5 LA codes: LA27750-1 Not at all satisfied / LA24976-5 Mostly dissatisfied / LA27752-7 Somewhat satisfied / LA24974-0 Mostly satisfied / LA27754-3 Completely satisfied). Shared with Q12.g.,PatientSatisfactionObservation profile (code = LOINC#77218-6); valueCodeableConcept required-bound to SatisfactionScale (LOINC LL4543-6 codes)
Q9.a,Consensus,Q9,Physical Examination (Post-treatment),Inspection,Observation,Observation.code | Observation.valueCodeableConcept,local:ShoulderObservationCodes#atrophy + SNOMED CT 111263009 + local:ShoulderObservationCodes#normal-shoulder-contour | PresentAbsent (SNOMED),required,FollowUp,Reused + Local,Reused,"Same three profiles as Q2.a (AtrophyObservation/DeformityObservation/NormalShoulderContourObservation); effectiveDateTime distinguishes post-op. Terminology as for Q2.a (ADR-0115, ADR-0116).",Shared with Q2.a
Q9.b,Consensus,Q9,Physical Examination (Post-treatment),Active ROM,Observation,Observation.code | Observation.valueQuantity | Observation.valueCodeableConcept,http://loinc.org#41389-8 | http://loinc.org#41381-5 | http://loinc.org#41387-2 | local:ShoulderObservationCodes#internal-rotation (InternalRotationVertebralLevel) | local:ShoulderObservationCodes#external-rotation-90-abduction | local:ShoulderObservationCodes#internal-rotation-90-abduction,required,FollowUp,Reused + Local,Numeric + Local,Same as Q2.b (ADR-0088); pre/post via effectiveDateTime,Same profiles as Q2.b
Q9.c,Consensus,Q9,Physical Examination (Post-treatment),Passive ROM,Observation,Observation.code | Observation.valueQuantity | Observation.valueCodeableConcept,http://loinc.org#41390-6 | http://loinc.org#41382-3 | http://loinc.org#41388-0 | local:ShoulderObservationCodes#passive-internal-rotation (InternalRotationVertebralLevel) | local:ShoulderObservationCodes#passive-external-rotation-90-abduction | local:ShoulderObservationCodes#passive-internal-rotation-90-abduction,required,FollowUp,Reused + Local,Numeric + Local,Same as Q2.c (ADR-0088); pre/post via effectiveDateTime,Same profiles as Q2.c
Q9.d,Consensus,Q9,Physical Examination (Post-treatment),Strength,Observation,Observation.code,local:ShoulderObservationCodes#supraspinatus-strength | local:ShoulderObservationCodes#external-rotation-strength | local:ShoulderObservationCodes#subscapularis-strength | local:ShoulderObservationCodes#internal-rotation-strength | local:ShoulderObservationCodes#supraspinatus-strength-dynamometry,required,FollowUp,Local,Numeric,Same as Q2.d (ADR-0089); five MMT/dynamometry codes. Pre/post differentiated by effectiveDateTime,Same strength codes as Q2.d
Q9.e,Consensus,Q9,Physical Examination (Post-treatment),Jobe test,Observation,Observation.code | Observation.valueCodeableConcept,SNOMED CT 1231437004 | PositiveNegative,required,FollowUp,Reused,Reused,"Shares Q2.e's profile — SNOMED CT 1231437004 ""Empty can test"" (ADR-0115).",Same JobeTestObservation profile as Q2.e (effectiveDateTime distinguishes post-op)
Q9.f,Consensus,Q9,Physical Examination (Post-treatment),Lift-off test,Observation,Observation.code | Observation.valueCodeableConcept,SNOMED CT 1231510004 | PositiveNegative,required,FollowUp,Reused,Reused,"Shares Q2.f's profile — SNOMED CT 1231510004 ""Lift-off test"" (ADR-0115).",Same LiftOffTestObservation profile as Q2.f (effectiveDateTime distinguishes post-op)
Q9.g,Consensus,Q9,Physical Examination (Post-treatment),Belly press test,Observation,Observation.code | Observation.valueCodeableConcept,local:ShoulderObservationCodes#belly-press-test | PositiveNegative,required,FollowUp,Local,Reused,Same as Q2.g — local code retained; no belly-press concept in SNOMED CT (verified Aug 2026).,#belly-press-test in ShoulderObservationCodes
Q10,Consensus,Q10,Follow-up,Routine follow-up for 6 months to 1 year (depending on treatment and symptoms),Encounter,Encounter.type | Encounter.period | Encounter.status,ShoulderEncounterType,extensible,FollowUp,Reused,—,A10 is one consensus statement covering both interval and completion; ShoulderEncounter.type bound to ShoulderEncounterType captures both,ShoulderEncounter profile with type = SNOMED 390906007 + period.start/end + status
Q11.a,Consensus,Q11,Follow-up (Research),Research follow-up at 6 weeks,CarePlan,CarePlan.activity.detail.scheduledTiming,—,—,Surgery,Local,—,"expert consensus A11 enumerates 5 timepoints; RotatorCuffResearchCarePlan implements all 5 as activities. Moved from Registration to Surgery bundle (ADR-0129) — the schedule anchors to the index procedure date, unknown at registration; auto-generated by both frontends with zero added clinician-facing fields",RotatorCuffResearchCarePlan.activity (one per timepoint)
Q11.b,Consensus,Q11,Follow-up (Research),Research follow-up at 3 months,CarePlan,CarePlan.activity.detail.scheduledTiming,—,—,Surgery,Local,—,Same realisation as Q11.a; see ADR-0129 for the Registration→Surgery bundle move,RotatorCuffResearchCarePlan.activity
Q11.c,Consensus,Q11,Follow-up (Research),Research follow-up at 6 months,CarePlan,CarePlan.activity.detail.scheduledTiming,—,—,Surgery,Local,—,Same realisation as Q11.a; see ADR-0129 for the Registration→Surgery bundle move,RotatorCuffResearchCarePlan.activity
Q11.d,Consensus,Q11,Follow-up (Research),Research follow-up at 1 year,CarePlan,CarePlan.activity.detail.scheduledTiming,—,—,Surgery,Local,—,Same realisation as Q11.a; see ADR-0129 for the Registration→Surgery bundle move,RotatorCuffResearchCarePlan.activity
Q11.e,Consensus,Q11,Follow-up (Research),Research follow-up at 2 years,CarePlan,CarePlan.activity.detail.scheduledTiming,—,—,Surgery,Local,—,Same realisation as Q11.a; see ADR-0129 for the Registration→Surgery bundle move,RotatorCuffResearchCarePlan.activity
Q12.a,Consensus,Q12,PROM (component),Pain,Observation,Observation.code,local:ShoulderObservationCodes#pain-average/#pain-active-movement/#pain-passive-movement/#pain-rest,required,FollowUp,Local,Numeric,A12 required component (a); 4 pain profiles reused (also Q1.h / Q8.a; see ADR-0087),4 pain profiles (local codes)
Q12.b,Consensus,Q12,PROM (component),Strength,Observation,Observation.code,local:ShoulderObservationCodes#supraspinatus-strength | local:ShoulderObservationCodes#external-rotation-strength | local:ShoulderObservationCodes#subscapularis-strength | local:ShoulderObservationCodes#internal-rotation-strength | local:ShoulderObservationCodes#supraspinatus-strength-dynamometry,required,FollowUp,Local,Numeric,"A12 required component (b); reuses Q9.d strength observations (five axes, ADR-0089)",Strength codes in ShoulderObservationCodes
Q12.c,Consensus,Q12,PROM (component),Function / limitations,Observation,Observation.code,local:ShoulderObservationCodes#functional-limitation-severity | local:FunctionalLimitationSeverity,required,FollowUp,Local,Local,A12 required component (c); reuses FunctionalLimitationsObservation (also Q1.n),FunctionalLimitationsObservation profile (code = ShoulderObservationCodes#functional-limitation-severity); valueCodeableConcept required-bound to FunctionalLimitationSeverity
Q12.d,Consensus,Q12,PROM (component),Range of motion,Observation,Observation.code,http://loinc.org#41389-8 | http://loinc.org#41381-5 | http://loinc.org#41387-2 | local:ShoulderObservationCodes#internal-rotation | local:ShoulderObservationCodes#external-rotation-90-abduction | local:ShoulderObservationCodes#internal-rotation-90-abduction | http://loinc.org#41390-6 | http://loinc.org#41382-3 | http://loinc.org#41388-0 | local:ShoulderObservationCodes#passive-internal-rotation | local:ShoulderObservationCodes#passive-external-rotation-90-abduction | local:ShoulderObservationCodes#passive-internal-rotation-90-abduction,required,FollowUp,Reused + Local,Numeric + Local,A12 required component (d); reuses Q9.b/Q9.c ROM observations,Same active and passive ROM observations as Q9.b and Q9.c, twelve in all
Q12.e,Consensus,Q12,PROM (component),Return to sport/work,Observation,Observation.code | Observation.valueCodeableConcept,local:ShoulderObservationCodes#return-to-sport-work | ReturnToActivity,required,FollowUp,Local,Local,A12 required component (e); local CodeSystem. No equivalent ordinal CodeSystem in SNOMED CT International Edition or LOINC at time of authoring,#return-to-sport-work in ShoulderObservationCodes + ReturnToActivityCodes (returned-full / returned-modified / not-returned)
Q12.f,Consensus,Q12,PROM (component),Impact on daily activities,(covered indirectly by composite PROMs),—,—,—,FollowUp,—,—,"A12 required component (f); no dedicated FHIR profile in IG. Captured via ConstantScoreObservation.component[ADL], which is optional (0..1): a direct-total Constant-Murley submission carries no components, so the element is representable but not present in every conformant bundle",No dedicated profile; carried by ConstantScoreObservation.component[ADL] under component-derived entry
Q12.g,Consensus,Q12,PROM (component),Satisfaction,Observation,Observation.code | Observation.valueCodeableConcept,http://loinc.org#77218-6 | SatisfactionScale (LOINC LL4543-6 LA codes),required,FollowUp,Reused,Reused,A12 required component (g); reuses PatientSatisfactionObservation (also Q8.e). Observation.code fixed to LOINC 77218-6 (ADR-0070). ValueSet SatisfactionScale draws on LOINC LL4543-6 (5 LA codes).,PatientSatisfactionObservation profile (code = LOINC#77218-6); valueCodeableConcept required-bound to SatisfactionScale (LOINC LL4543-6 codes)
Q12-Constant,Consensus,Q12,PROM (preferred instrument),Constant-Murley score,Observation,Observation.code,http://snomed.info/sct#273383002 (total) | local:ShoulderObservationCodes#constant-score-pain/#constant-score-adl/#constant-score-rom/#constant-score-strength (components),required,FollowUp,Reused,Numeric + Local,"A12 preferred instrument; SNOMED CT 273383002 (Constant and Murley shoulder assessment scale) bound directly on the total. Two entry modes (ADR-0090), distinguished by whether Observation.component[] is populated: (1) direct total entry — value[x] only; (2) component-derived entry — all four sub-scores (Pain 0-15 / ADL 0-20 / ROM 0-40 / Strength 0-25, original 1987 breakdown) captured as named component slices, value[x] = their sum. Four of the sub-items are auto-derived from this IG's own Observations by the shared POOS-15 calculator (Sleep, Flexion, Abduction, Internal Rotation), and the rest are entered directly, because their existing IG counterparts measure a different construct. See ADR-0112 for the sub-item calculator and ADR-0158 for the SDC frontend's equivalent.","ConstantScoreObservation profile (code = SNOMED#273383002, valueQuantity 0-100 {score}); component[Pain]/component[ADL]/component[ROM]/component[Strength] slices, each valueQuantity {score} with its own bounds, local codes. Both frontends compute the derived sub-items through shared/constantScore.ts."
Q12-SSV-SANE,Consensus,Q12,PROM (preferred instrument),Subjective Shoulder Value / Single Assessment Numeric Evaluation (SSV/SANE),Observation,Observation.code,local:ShoulderObservationCodes#ssv-score | local:ShoulderObservationCodes#sane-score,required,FollowUp,Local,Numeric,"expert consensus A12 names the preferred scores as 'the Constant score and subjective shoulder value/single assessment numeric evaluation score'. The round-2 ballot on a preferred outcome measure listed five scores (ASES, Constant, WORC, Oxford, Subjective Shoulder Value) and did not include SANE; SANE appears only in the written answer statement, joined to SSV by a slash, and the paper never separates the two. The pair is therefore counted as ONE consensus element. SSV (Gilbart and Gerber 2007) and SANE (Williams et al. 1999) are two separately published single-item ratings of the shoulder as a percentage of normal, so the IG keeps a profile for each. See ADR-0189 (corrects ADR-0039)",SsvScoreObservation + SaneScoreObservation profiles (separate FSH artifacts; counted as one consensus element); valueQuantity 0–100
Q13,Consensus,Q13,Follow-up Imaging,No routine imaging at follow-up (except in research studies),ImagingStudy + CarePlan,ImagingStudy.modality,http://dicom.nema.org/resources/ontology/DCM,extensible,FollowUp,Reused,—,"A13 is one consensus statement (no routine imaging) with an exception for research; IG supports research-driven re-imaging via ShoulderImagingStudy in RotatorCuffFollowUpBundle when scheduled by RotatorCuffResearchCarePlan. The follow-up entry[imagingStudy] slice is 0..*, so a research protocol re-imaging in more than one modality at one visit is representable. Both frontends build it (status+subject+modality+encounter, the last attributable to the specific visit since a patient can have up to five follow-up visits). See ADR-0153.",ShoulderImagingStudy reused (gains optional encounter field for follow-up); RotatorCuffResearchCarePlan documents the research-only trigger
L3.A.1,IG-Operational,—,A: Patient identity & contact,Patient identifier,Patient,Patient.identifier,—,—,Registration,—,—,Required for registry primary key; not in expert consensus Q1 (which is clinical history only). ShoulderPatient parents from HL7 Europe Core `patient-eu-core` (ADR-0057); instances additionally claim IPS `Patient-uv-ips` via `meta.profile[]`. Both eu-pat-1 and ips-pat-1 invariants satisfied trivially by `name.family 1..1 MS` (see L3.A.2).,ShoulderPatient.identifier 1..* MS
L3.A.2,IG-Operational,—,A: Patient identity & contact,Patient name,Patient,Patient.name,—,—,Registration,—,—,"Required for registration; not in expert consensus Q1. `name.family 1..1 MS` is load-bearing — it satisfies both EU `eu-pat-1` (family ∨ given ∨ text ∨ data-absent-reason) and IPS `ips-pat-1` (family ∨ given ∨ text) by structural construction, enabling the multi-profile claim on ShoulderPatient (ADR-0057).",ShoulderPatient.name 1..* MS; family 1..1 MS; given MS
L3.A.3,IG-Operational,—,A: Patient identity & contact,Date of birth,Patient,Patient.birthDate,—,—,Registration,—,—,expert consensus Q1.a names 'Age' (a derived value); the IG stores birthDate (the canonical fact). Age is computed from birthDate at query time,ShoulderPatient.birthDate 1..1 MS
L3.A.4,IG-Operational,—,A: Patient identity & contact,Address (EU Base),Patient,Patient.address,—,—,Registration,—,—,"Not named by the expert consensus. Required for jurisdiction / registry geography / EHDS alignment. The `address only Address-eu` constraint is INHERITED from patient-eu (parent of patient-eu-core, ADR-0057) rather than redeclared locally. See ADR-0038 (original) + ADR-0057 (inheritance via EU Core).",ShoulderPatient.address (inherited from patient-eu-core → patient-eu; Address-eu datatype)
L3.A.5,IG-Operational,—,A: Patient identity & contact,Telecom,Patient,Patient.telecom,—,—,Registration,—,—,Not named by the expert consensus. Optional but supported,ShoulderPatient.telecom MS
L3.A.6,IG-Operational,—,A: Patient identity & contact,Recorded sex or gender (sex assigned at birth),Patient,Patient.extension[recordedSexOrGender].extension[value].valueCodeableConcept,http://hl7.org/fhir/ValueSet/administrative-gender (value) + LOINC#76689-9 (type pinned),required,Registration,—,Reused,"expert consensus Q1.b names only ""Gender"" (administrative). HL7 Gender Harmony's `individual-recordedSexOrGender` (RSG) extension carries sex assigned at birth as a separate research-stratification variable. R4-backported via hl7.fhir.uv.extensions.r4 (already in EU Base's dependency chain). `type` pinned to LOINC 76689-9 so every RSG instance in the registry uniformly represents sex at birth; cardinality 0..1 (one fixed type → one record per patient). Replaces the SFCU extension considered earlier — SFCU is a runtime CDS directive, not a demographic. See ADR-0053.","ShoulderPatient.extension[recordedSexOrGender] 0..1 MS, profile = http://hl7.org/fhir/StructureDefinition/individual-recordedSexOrGender"
L3.B.1,IG-Operational,—,B: FHIR-required resource metadata,Condition clinicalStatus,Condition,Condition.clinicalStatus,http://hl7.org/fhir/ValueSet/condition-clinical,required,Registration,—,Reused,FHIR-required for any Condition; no consensus counterpart,RotatorCuffCondition.clinicalStatus 1..1 MS
L3.B.2,IG-Operational,—,B: FHIR-required resource metadata,Condition verificationStatus,Condition,Condition.verificationStatus,http://hl7.org/fhir/ValueSet/condition-ver-status,required,Registration,—,Reused,"FHIR-required; no consensus counterpart. Not prompted in the registration wizard (StepCondition.tsx) or the standalone ConditionForm.tsx — every diagnosis registered through this workflow is clinically confirmed at the point of entry, so the value is fixed to 'confirmed' at submission rather than asked. See ADR-0105.","RotatorCuffCondition.verificationStatus 1..1 MS (value fixed to 'confirmed' by both frontends, not user-editable)"
L3.B.3,IG-Operational,—,B: FHIR-required resource metadata,Condition category,Condition,Condition.category,http://terminology.hl7.org/CodeSystem/condition-category#encounter-diagnosis,required,Registration,—,Reused,Fixed to encounter-diagnosis in the IG,RotatorCuffCondition.category 1..* MS; fixed value
L3.B.4,IG-Operational,—,B: FHIR-required resource metadata,Procedure status,Procedure,Procedure.status,http://hl7.org/fhir/ValueSet/event-status,required,"Registration,Surgery",—,Reused,"FHIR-required; no consensus counterpart. Not prompted in the surgery wizard (SurgicalEventStep.tsx) — every procedure recorded through this retrospective wizard is completed by construction, so the value is fixed to 'completed' at submission rather than asked. See ADR-0108.","RotatorCuffProcedure.status 1..1 MS (value fixed to 'completed' by the surgery wizard, not user-editable)"
L3.B.5,IG-Operational,—,B: FHIR-required resource metadata,Encounter status + class,Encounter,Encounter.status | Encounter.class,http://hl7.org/fhir/ValueSet/encounter-status | http://terminology.hl7.org/CodeSystem/v3-ActCode,required,"Registration,Surgery,FollowUp",—,Reused,FHIR-required; no consensus counterpart. The surgery wizard (SurgicalEventStep.tsx) presents v3-ActCode#AMB as 'Day surgery (outpatient)' — a display label only; code and system are unaffected. See ADR-0108.,ShoulderEncounter.status 1..1 MS + Encounter.class 1..1 MS
L3.B.6,IG-Operational,—,B: FHIR-required resource metadata,Observation status,Observation,Observation.status,http://hl7.org/fhir/ValueSet/observation-status,required,"Registration,Surgery,FollowUp",—,Reused,FHIR-required across all 35 derived Observation profiles,Observation.status (inherited)
L3.C.1,IG-Operational,—,C: Temporal anchoring,Procedure performed dateTime,Procedure,Procedure.performedPeriod | Procedure.performedDateTime,—,—,"Registration,Surgery",—,—,"Load-bearing — Q11 research follow-up timepoints (6 wk / 3 mo / 6 mo / 1 y / 2 y) are all computed from this anchor. the expert consensus names the timepoints but never names the anchor. Surgery wizard captures one wizard-level day-of-surgery date plus one incision time / closure time for the whole surgical event, composed into Procedure.performedPeriod.start/.end with an explicit UTC offset, which a dateTime at minute precision requires (ADR-0110). The incision/closure pair sits at the surgical-event level and applies to every Procedure recorded in that event (index + any concomitant), since a concomitant procedure is performed through the same skin incision as the index procedure (ADR-0121). Encounter.period is composed from that same pair rather than captured a second time, so the wizard asks for the surgical day once (ADR-0108, ADR-0110). Q11 timepoint computation (patientStage.ts) reads performedPeriod.start, falling back to performedDateTime for older data. Prior-treatment Procedures (Registration bundle, Q1.f) use performedDateTime, defaulted to the registration date, an approximate historical date carrying little clinical value there (see ADR-0105). See ADR-0108, ADR-0110, ADR-0121.",RotatorCuffProcedure.performed[x] 1..1 MS (surgery wizard emits performedPeriod; prior-treatment Procedures emit performedDateTime)
L3.C.2,IG-Operational,—,C: Temporal anchoring,Encounter period,Encounter,Encounter.period,—,—,"Registration,Surgery,FollowUp",—,—,"expert consensus Q10 names 'follow-up for 6 months to 1 year' but never names a period structure. In the Surgery bundle, period is composed directly from the one incision time / closure time captured once for the whole surgical event (ADR-0110, ADR-0121), so the wizard does not ask for the same day twice. Registration and Follow-Up Encounter.period are directly captured, single-visit encounters with no comparable operative-window anchor to derive from.",ShoulderEncounter.period MS
L3.C.3,IG-Operational,—,C: Temporal anchoring,Condition onset + recordedDate + assertedDate,Condition,Condition.onset[x] | Condition.recordedDate | Condition.extension[assertedDate],—,—,Registration,—,—,EU Core alignment via assertedDate extension (ADR-0038). expert consensus Q1.e implies onset but never names the field,RotatorCuffCondition.onset[x] MS / .recordedDate MS / extension[assertedDate]
L3.C.4,IG-Operational,—,C: Temporal anchoring,Observation effective dateTime,Observation,Observation.effectiveDateTime,—,—,"Registration,Surgery,FollowUp",—,—,Used across all 35 derived Observation profiles to distinguish pre / intra / post-operative measurements with the same Observation.code,Observation.effectiveDateTime (inherited)
L3.C.5,IG-Operational,—,C: Temporal anchoring,Procedure recorded extension,Procedure,Procedure.extension[recorded],—,—,"Registration,Surgery",—,—,Captures when the procedure record was created — EU Core alignment (ADR-0038). Not named by the expert consensus,RotatorCuffProcedure.extension[recorded]
L3.D.1,IG-Operational,—,D: Laterality,Condition body site (laterality),Condition,Condition.bodySite,ShoulderLaterality,required,Registration,—,Reused,Hand dominance is in expert consensus Q1.m but the affected shoulder side is never lettered. Precoordinated SNOMED region code per ADR-0014b and ADR-0064,RotatorCuffCondition.bodySite 1..1 MS bound to ShoulderLaterality
L3.D.2,IG-Operational,—,D: Laterality,Procedure body site (laterality),Procedure,Procedure.bodySite,ShoulderLaterality,required,"Registration,Surgery",—,Reused,Surgical side is clinically essential but never named by the expert consensus,RotatorCuffProcedure.bodySite 1..1 MS bound to ShoulderLaterality
L3.E.1,IG-Operational,—,E: Diagnosis & procedure coding,Condition code value set,Condition,Condition.code,RotatorCuffDiagnosis,fixed,Registration,Reused,—,"The 13 consensus questions are all scoped 'in the setting of a suspected/known rotator cuff tear' — the full paper confirms no disease-entity selection is defined anywhere; Q4 fixes only the classification axes (size / tendons / partial vs full / Patte / Goutallier), each already its own element. Condition.code is fixed to the single tear inclusion diagnosis (SNOMED 926335004) rather than offered as a choice: the non-tear entities (tendinitis, impingement, calcific tendinitis, tear arthropathy) are out of consensus scope, and offering them alongside the tear code would make two options appear to overlap for the same patient. See ADR-0111 and ADR-0076.",RotatorCuffCondition.code 1..1 MS fixed = SNOMED 926335004 'Rupture of rotator cuff of shoulder'; RotatorCuffDiagnosis enumerates that same single code and is not itself bound to any element — the fixed value on RotatorCuffCondition.code is what constrains the element
L3.E.2,IG-Operational,—,E: Diagnosis & procedure coding,Procedure code value set,Procedure,Procedure.code,RotatorCuffProcedureType,extensible,"Registration,Surgery",Reused,—,the expert consensus names surgical treatment but enumerates no procedure codes,RotatorCuffProcedure.code 1..1 MS bound to RotatorCuffProcedureType
L3.E.3,IG-Operational,—,E: Diagnosis & procedure coding,Procedure category value set,Procedure,Procedure.category,RotatorCuffProcedureCategory,extensible,"Registration,Surgery",—,Local,Distinguishes index surgical procedure from prior PT/injection procedures (Q1.f); enables the registration-bundle invariant 'exactly one surgical procedure per case',RotatorCuffProcedure.category 1..1 MS bound to RotatorCuffProcedureCategory
L3.E.4,IG-Operational,—,E: Diagnosis & procedure coding,Tear location (Q4 refinement),Observation,Condition.evidence.detail → TearLocationObservation.valueCodeableConcept,TearLocation,required,Registration,Local,Local,"An IG decomposition choice under expert consensus Q4 'tear classification', alongside Patte (Q4.d) and Goutallier (Q4.e) — the consensus's own a-e enumeration does not include tear location, so this is Layer 2, not a new consensus letter-item (same accounting discipline as ADR-0036/ADR-0039). No SNOMED CT or LOINC concept exists for this axis (verified July 2026). See ADR-0076.",TearLocationObservation.valueCodeableConcept from TearLocation (required) — local codes: insertion-near / musculotendinous / intratendinous
L3.E.5,IG-Operational,—,E: Diagnosis & procedure coding,Non-rotator-cuff shoulder diagnosis,Condition,RotatorCuffRegistrationBundle.otherDiagnosis.code,ShoulderDiagnosis,extensible,Registration,Reused,—,"Coexisting shoulder pathology distinct from the rotator cuff tear (AC joint OA, biceps tendinopathy, glenoid labrum tear, adhesive capsulitis, glenohumeral OA, shoulder instability). Not named by the expert consensus; added so a real coexisting finding does not have to be force-coded into RotatorCuffDiagnosis. See ADR-0077.",ShoulderDiagnosisCondition.code 1..1 MS bound to ShoulderDiagnosis (extensible); RotatorCuffRegistrationBundle.otherDiagnosis 0..*
L3.E.6,IG-Operational,—,E: Diagnosis & procedure coding,Procedure approach,Observation,Observation.code | Observation.valueCodeableConcept,local:ShoulderObservationCodes#procedure-approach | ProcedureApproach,required,Surgery,Local,Local,"Surgical approach (arthroscopic / open / mini-open) for a rotator cuff procedure, carried separately from Procedure.code in a postcoordination style, mirroring the diagnosis-side 'one axis, one element' pattern (ADR-0105/ADR-0106); RotatorCuffProcedureType itself bakes approach into fused codes. Not named by the expert consensus (confirmed against Hurley et al. 2024 full text; SECEC never enumerates procedure technique, ADR-0092). Fully local — no SNOMED concept exists for a standalone 'arthroscopic approach' qualifier (verified July 2026). See ADR-0108.",ProcedureApproachObservation profile (code = ShoulderObservationCodes#procedure-approach; valueCodeableConcept required-bound to ProcedureApproach); linked to its RotatorCuffProcedure via Observation.partOf
L3.E.7,IG-Operational,—,E: Diagnosis & procedure coding,Reconstruction extent,Observation,Observation.code | Observation.valueCodeableConcept,local:ShoulderObservationCodes#reconstruction-extent | ReconstructionExtent,required,Surgery,Local,Reused,"Extent of a rotator cuff procedure (partial repair / complete repair / prosthesis) carried separately from Procedure.code, same postcoordination pattern as L3.E.6. Not named by the expert consensus. valueCodeableConcept reuses four precoordinated SNOMED CT concepts as Observation values (SNOMED 304385007/304384006/308681004/785850002), the same reuse pattern TearThicknessObservation already applies. See ADR-0108.",ReconstructionExtentObservation profile (code = ShoulderObservationCodes#reconstruction-extent; valueCodeableConcept required-bound to ReconstructionExtent); linked to its RotatorCuffProcedure via Observation.partOf
L3.E.8,IG-Operational,—,E: Diagnosis & procedure coding,Fixation technique,Observation,Observation.code | Observation.valueCodeableConcept,local:ShoulderObservationCodes#fixation-technique | FixationTechnique,required,Surgery,Local,Local,"Suture-anchor fixation construct (single-row / double-row / suture-bridge / transosseous-no-anchor / not-applicable) for rotator cuff repair. Not named by the expert consensus, and unlike L3.E.6/L3.E.7 not an existing-but-entangled axis — a coded axis carried as an out-of-consensus addition. Fully local — no SNOMED concept exists for this axis (verified July 2026). See ADR-0108.",FixationTechniqueObservation profile (code = ShoulderObservationCodes#fixation-technique; valueCodeableConcept required-bound to FixationTechnique); linked to its RotatorCuffProcedure via Observation.partOf
L3.F.1,IG-Operational,—,F: Cross-resource linkage,Encounter reasonReference,Encounter,Encounter.reasonReference,—,—,"Registration,Surgery,FollowUp",—,—,Establishes the linkage — every Encounter in the IG must reference the underlying RotatorCuffCondition (ADR-0037),ShoulderEncounter.reasonReference 1..1 MS
L3.F.2,IG-Operational,—,F: Cross-resource linkage,Procedure reasonReference,Procedure,Procedure.reasonReference,—,—,Surgery,—,—,"Surgical procedure references the indication condition. Widened (ADR-0127) so a concomitant procedure can also reference a coexisting ShoulderDiagnosisCondition (e.g. distal clavicle excision for AC joint OA), not only the index RotatorCuffCondition — same relaxation pattern as ADR-0066's ShoulderEncounter.reasonReference.",RotatorCuffProcedure.reasonReference MS only Reference(RotatorCuffCondition or ShoulderDiagnosisCondition)
L3.F.3,IG-Operational,—,F: Cross-resource linkage,Condition observation linkage (stage + evidence),Condition,Condition.stage.assessment | Condition.evidence.detail,—,—,Registration,—,—,"Two ADR-0073 buckets link classification Observations back to the diagnosis: formal gradings (Q4.d Patte / Q4.e Goutallier / Q4.a Cofield tear-size classification) via Condition.stage.assessment; diagnostic evidence (Q4.b tendons involved / Q4.c tear thickness / tear location / provocation tests) via Condition.evidence.detail. Raw tear-size (cm) is in neither, reachable via the encounter chain. See ADR-0073 (ADR-0037 original evidence linkage).",RotatorCuffCondition.stage.assessment + evidence.detail — both MS only Reference(ShoulderObservation)
L3.F.4,IG-Operational,—,F: Cross-resource linkage,Subject references,(all),(resource).subject,—,—,"Registration,Surgery,FollowUp",—,—,Every clinical resource references the same Patient — enables registry-wide queries per subject,subject 1..1 MS only Reference(ShoulderPatient) across Condition / Procedure / Encounter / Observation
L3.F.5,IG-Operational,—,F: Cross-resource linkage,Encounter diagnosis ranking (Hauptdiagnose),Encounter,Encounter.diagnosis.rank,diagnosis-role (use),extensible,Registration,—,Reused,"Marks which Condition (RotatorCuffCondition or ShoulderDiagnosisCondition) is the principal diagnosis for the visit when more than one is submitted in the same registration; reasonReference continues to point at the rank-1 Condition. Populated only when diagnoses.length > 1 — with exactly one, rank is unambiguous. Both frontends apply the same rank-1 CC / rank-2+ CM diagnosis-role split. See ADR-0077, ADR-0145, ADR-0152.",ShoulderEncounter.diagnosis 0..* MS; diagnosis.condition 1..1 MS; diagnosis.rank 0..1 MS; diagnosis.use extensible-bound
L3.G.1,IG-Operational,—,G: Workflow & orchestration,RotatorCuffRegistrationBundle profile,Bundle,Bundle.type,—,required,Registration,—,—,"Pre-op (T0) submission envelope; 1..1 Patient + 1..* Condition + 1..1 Encounter + 0..* priorTreatment + optional Observations / ImagingStudy (0..*, one per modality) / Coverage / QR (CarePlan moved to RotatorCuffSurgeryBundle, ADR-0129; imaging DiagnosticReport/ServiceRequest slices removed, ADR-0172). ADRs 0017 / 0034 / 0037",RotatorCuffRegistrationBundle profile in ig/input/fsh/profiles/
L3.G.2,IG-Operational,—,G: Workflow & orchestration,RotatorCuffSurgeryBundle profile,Bundle,Bundle.type | Procedure.partOf,—,required,Surgery,—,—,"Surgical (T1) submission envelope; 1..1 Encounter + 1..* Procedure (Surgical) + optional intra-op Observations. ADR-0034. Index versus concomitant procedure is not sliced (both are RotatorCuffProcedure, so neither IPS discriminator separates them) and is not implied by entry order either: entry order belongs to the submission document and is gone once the transaction is persisted, after which a reader sees several procedures sharing one encounter, performer and performedPeriod with nothing distinguishing them. A concomitant procedure therefore carries Procedure.partOf pointing at the index procedure, and the index procedure is the one with no partOf — the same on-the-resource linkage Observation.partOf already provides for the technique Observations (L3.E.6-L3.E.8). See ADR-0186.",RotatorCuffSurgeryBundle profile; RotatorCuffProcedure.partOf 0..1 MS only Reference(RotatorCuffProcedure)
L3.G.3,IG-Operational,—,G: Workflow & orchestration,RotatorCuffFollowUpBundle profile,Bundle,Bundle.type,—,required,FollowUp,—,—,Per-visit longitudinal submission envelope for each Q11 timepoint. ADR-0030,RotatorCuffFollowUpBundle profile
L3.G.4,IG-Operational,—,G: Workflow & orchestration,RotatorCuffResearchCarePlan profile,CarePlan,CarePlan.activity,—,—,Surgery,Local,—,"Carries the Q11 5-timepoint schedule as scheduled activities — the expert consensus names the timepoints but never names a CarePlan resource. Carried in the Surgery bundle and auto-generated by both frontends from the index procedure date (ADR-0129). Each activity carries an activity.detail.code discriminator (local Q11TimepointCodes CodeSystem and Q11Timepoint ValueSet), so the 5 timepoints are coded rather than only free-text-described. A completed Follow-Up Encounter is deliberately not back-linked to its activity through an out-of-band CarePlan update — see ADR-0151.",RotatorCuffResearchCarePlan profile with five Q11.a–e activities; activity.detail.code bound to Q11Timepoint (ADR-0151)
L3.G.6,IG-Operational,—,G: Workflow & orchestration,Questionnaire + QuestionnaireResponse artifacts,Questionnaire,Questionnaire | QuestionnaireResponse,—,—,"Registration,Surgery,FollowUp",—,—,Enables form-driven data entry (SDC frontend). ADR 0021,Questionnaire instances + RotatorCuffQuestionnaireResponse profile
L3.H.1,IG-Operational,—,H: Provider / operational,Procedure performer,Procedure,Procedure.performer.actor,—,—,Surgery,—,—,"Not named by the expert consensus (verified against the full Hurley et al. 2024 text). Needed for any multi-surgeon registry. Captured as a free-text surgeon name per surgical event, Reference.display only; this IG declares no Practitioner directory. See ADR-0150.",RotatorCuffProcedure.performer.actor MS; SurgicalEventStep.tsx / ShoulderSurgeryQuestionnaire.fsh 'Surgeon / Performer' field (ADR-0150)
L3.H.2,IG-Operational,—,H: Provider / operational,Procedure outcome,Procedure,Procedure.outcome,—,example,Surgery,—,—,Operational metadata for surgical outcome notes. The surgery wizard (SurgicalEventStep.tsx) presents it as 'Intraoperative Success' — a display label only; the FHIR element and cardinality are unaffected. See ADR-0108.,RotatorCuffProcedure.outcome MS
L3.H.3,IG-Operational,—,H: Provider / operational,Procedure note,Procedure,Procedure.note,—,—,Surgery,—,—,Free-text annotation slot,RotatorCuffProcedure.note MS
L3.I.1,IG-Operational,—,I: Expert consensus single-word terms with rich IG structure,ShoulderCoverage profile (Q1.l realisation),Coverage,Coverage.type | Coverage.payor,http://hl7.org/fhir/ValueSet/coverage-type,extensible,Registration,—,Reused,expert consensus Q1.l names 'Workmen's compensation' as a single yes/no history flag with no further decomposition; the IG realises a 'yes' answer as a Coverage resource with type = v3-ActCode#WCBPOL (German Berufsgenossenschaft). 'No'/'unknown' answers emit no Coverage. Broader payer categorisation (GKV/PKV/Selbstzahler) is intentionally out of scope — not named by the expert consensus; HL7 DE Basisprofil deferred. See ADR-0061.,"ShoulderCoverage profile + Workers' Compensation yes/no/unknown field in StepPatient.tsx (unified frontend) and a loose-leaf equivalent item in ShoulderRegistrationQuestionnaire.fsh (SDC frontend, ADR-0131); sister row to Q1.l (Consensus layer) — same closure"
L3.I.2,IG-Operational,—,I: Expert consensus single-word terms with rich IG structure,PriorTreatmentCategory (Q1.f realisation),Procedure,Procedure.category,PriorTreatmentCategory,required,Registration,—,Local,expert consensus Q1.f bundles 'PT/injections' as one history item; the IG realises it as category-bound 0..* Procedure entries with a required ValueSet preventing surgical-category procedures in the Registration bundle. ADR-0034,PriorTreatmentCategory bound on RotatorCuffRegistrationBundle.entry[priorTreatment]
L3.I.3,IG-Operational,—,I: Expert consensus single-word terms with rich IG structure,Ultrasound recording (former Q7),ImagingStudy,ImagingStudy.modality,http://dicom.nema.org/resources/ontology/DCM,extensible,Registration,Reused,—,expert consensus Q7 achieved 60% agreement — below the 80% Delphi consensus threshold. Moved from the Consensus layer to Layer 3 per ADR-0039: the IG supports US recording for clinical-utility reasons but the element is not part of the SECEC consensus denominator,ShoulderImagingStudy supports DICOM US modality
